{
  "employees": [
    {
      "id": 1,
      "firstName": "sita",
      "lastName": "ram",
      "emailId": "sitaram@gmail.com",
      "contact": 9982912245
    },
    {
      "id": 2,
      "firstName": "durga",
      "lastName": "matha",
      "emailId": "durgamatha@gmail.com",
      "contact": 9012912240
    },
    {
      "firstName": "xs",
      "lastName": "df",
      "emailId": "df",
      "contact": "234",
      "id": 3
    },
    {
      "id": 4,
      "firstName": "jayanth",
      "lastName": "reddy",
      "emailId": "jayanth@gmail.com",
      "contact": 9012912240
    },
    {
      "id": 5,
      "firstName": "anil",
      "lastName": "kumar",
      "emailId": "anilkumar.k@gmail.com",
      "contact": 9666266280
    }
  ]
}